{
  "hash": "e74aa882",
  "configHash": "463db7a5",
  "lockfileHash": "5861987a",
  "browserHash": "c7bacb48",
  "optimized": {
    "@angular/common": {
      "src": "../../../../../node_modules/@angular/common/fesm2022/common.mjs",
      "file": "@angular_common.js",
      "fileHash": "ed8c9dfb",
      "needsInterop": false
    },
    "@angular/common/http": {
      "src": "../../../../../node_modules/@angular/common/fesm2022/http.mjs",
      "file": "@angular_common_http.js",
      "fileHash": "193ffeca",
      "needsInterop": false
    },
    "@angular/core": {
      "src": "../../../../../node_modules/@angular/core/fesm2022/core.mjs",
      "file": "@angular_core.js",
      "fileHash": "882f80ba",
      "needsInterop": false
    },
    "@angular/forms": {
      "src": "../../../../../node_modules/@angular/forms/fesm2022/forms.mjs",
      "file": "@angular_forms.js",
      "fileHash": "f41b5475",
      "needsInterop": false
    },
    "@angular/material/button": {
      "src": "../../../../../node_modules/@angular/material/fesm2022/button.mjs",
      "file": "@angular_material_button.js",
      "fileHash": "0ba4e7b2",
      "needsInterop": false
    },
    "@angular/material/card": {
      "src": "../../../../../node_modules/@angular/material/fesm2022/card.mjs",
      "file": "@angular_material_card.js",
      "fileHash": "35a79174",
      "needsInterop": false
    },
    "@angular/material/form-field": {
      "src": "../../../../../node_modules/@angular/material/fesm2022/form-field.mjs",
      "file": "@angular_material_form-field.js",
      "fileHash": "d9a259f5",
      "needsInterop": false
    },
    "@angular/material/input": {
      "src": "../../../../../node_modules/@angular/material/fesm2022/input.mjs",
      "file": "@angular_material_input.js",
      "fileHash": "f91c6ea3",
      "needsInterop": false
    },
    "@angular/platform-browser": {
      "src": "../../../../../node_modules/@angular/platform-browser/fesm2022/platform-browser.mjs",
      "file": "@angular_platform-browser.js",
      "fileHash": "ec0a447e",
      "needsInterop": false
    },
    "@angular/platform-browser/animations": {
      "src": "../../../../../node_modules/@angular/platform-browser/fesm2022/animations.mjs",
      "file": "@angular_platform-browser_animations.js",
      "fileHash": "75a6b873",
      "needsInterop": false
    },
    "@angular/platform-browser/animations/async": {
      "src": "../../../../../node_modules/@angular/platform-browser/fesm2022/animations/async.mjs",
      "file": "@angular_platform-browser_animations_async.js",
      "fileHash": "24bd21fa",
      "needsInterop": false
    },
    "@angular/router": {
      "src": "../../../../../node_modules/@angular/router/fesm2022/router.mjs",
      "file": "@angular_router.js",
      "fileHash": "4de64e85",
      "needsInterop": false
    }
  },
  "chunks": {
    "browser-2BSLPSNT": {
      "file": "browser-2BSLPSNT.js"
    },
    "chunk-CZFPPRIM": {
      "file": "chunk-CZFPPRIM.js"
    },
    "chunk-TU6TCRRP": {
      "file": "chunk-TU6TCRRP.js"
    },
    "chunk-OIGFFXCE": {
      "file": "chunk-OIGFFXCE.js"
    },
    "chunk-TUXLBGWH": {
      "file": "chunk-TUXLBGWH.js"
    },
    "chunk-WKYCSS4F": {
      "file": "chunk-WKYCSS4F.js"
    },
    "chunk-C4BDG3KP": {
      "file": "chunk-C4BDG3KP.js"
    },
    "chunk-2ZKEL6ZL": {
      "file": "chunk-2ZKEL6ZL.js"
    },
    "chunk-WJH6COY5": {
      "file": "chunk-WJH6COY5.js"
    },
    "chunk-X34C2HIJ": {
      "file": "chunk-X34C2HIJ.js"
    }
  }
}