{
  "hash": "65a241eb",
  "configHash": "b39cd97c",
  "lockfileHash": "0e7d87bf",
  "browserHash": "22010300",
  "optimized": {
    "@angular/common": {
      "src": "../../../../../node_modules/@angular/common/fesm2022/common.mjs",
      "file": "@angular_common.js",
      "fileHash": "f3986b95",
      "needsInterop": false
    },
    "@angular/core": {
      "src": "../../../../../node_modules/@angular/core/fesm2022/core.mjs",
      "file": "@angular_core.js",
      "fileHash": "0ab9228c",
      "needsInterop": false
    },
    "@angular/platform-browser": {
      "src": "../../../../../node_modules/@angular/platform-browser/fesm2022/platform-browser.mjs",
      "file": "@angular_platform-browser.js",
      "fileHash": "8406d02b",
      "needsInterop": false
    },
    "@angular/router": {
      "src": "../../../../../node_modules/@angular/router/fesm2022/router.mjs",
      "file": "@angular_router.js",
      "fileHash": "0490d56a",
      "needsInterop": false
    }
  },
  "chunks": {
    "chunk-RWB2BZ5T": {
      "file": "chunk-RWB2BZ5T.js"
    },
    "chunk-YRGNH7G3": {
      "file": "chunk-YRGNH7G3.js"
    },
    "chunk-ORK62JUO": {
      "file": "chunk-ORK62JUO.js"
    }
  }
}